<?xml version="1.0" encoding="utf-8" standalone="yes"?>
<rss version="2.0" xmlns:atom="http://www.w3.org/2005/Atom">
  <channel>
    <title>DNM Bible</title>
    <link>http://biblemeowimkh3utujmhm6oh2oeb3ubjw2lpgeq3lahrfr2l6ev6zgyd.onion/de/appendix/</link>
    <description>Recent content on DNM Bible</description>
    <generator>Hugo -- gohugo.io</generator>
    <language>en-us</language><atom:link href="http://biblemeowimkh3utujmhm6oh2oeb3ubjw2lpgeq3lahrfr2l6ev6zgyd.onion/de/appendix/index.xml" rel="self" type="application/rss+xml" />
    <item>
      <title>Resources</title>
      <link>http://biblemeowimkh3utujmhm6oh2oeb3ubjw2lpgeq3lahrfr2l6ev6zgyd.onion/de/appendix/resources/</link>
      <pubDate>Mon, 01 Jan 0001 00:00:00 +0000</pubDate>
      
      <guid>http://biblemeowimkh3utujmhm6oh2oeb3ubjw2lpgeq3lahrfr2l6ev6zgyd.onion/de/appendix/resources/</guid>
      <description>Resourcen #  Die hier gelisteten Dienste nutz du auf deine eigene Gefahr. Die meisten sind weit verbreitet und bekannt, aber du soltest einem Dienst nie blind Vertrauen.
   Name des Dienstes Beschreibung des Dienstes     Erowid Erowind ist ein Dienst der sich auf Bildung und Schadensverminderung fokusiert. Hier klicken für andere Einträge zum Thema Schadensverminderung.   Dread Dread ist ein Darknet Forum im Reddit Style.</description>
    </item>
    
    <item>
      <title>FAQ</title>
      <link>http://biblemeowimkh3utujmhm6oh2oeb3ubjw2lpgeq3lahrfr2l6ev6zgyd.onion/de/appendix/faq/</link>
      <pubDate>Mon, 01 Jan 0001 00:00:00 +0000</pubDate>
      
      <guid>http://biblemeowimkh3utujmhm6oh2oeb3ubjw2lpgeq3lahrfr2l6ev6zgyd.onion/de/appendix/faq/</guid>
      <description>Häufig gestellte Fragen #  Wieso bekomme ich Javascript Warnungen? #  Lies hier nach wieso das passiert.
Kann ich nicht einfach ein Smartphone anstelle eines sicheren Betriebssystems nutzen? #  Nein. Smartphones sind nicht sicher. Sie besitzen viele Sicherheitslücken. Geh auf ebayKleinanzeigen/eBay oder wohin auch immer und kaufe einen Laptop der einige Jahre alt ist. Es muss nichts Besonderes oder Teures sein.
Muss ich meine Coins wirklich umwandeln auch wenn ich nur für meinen persönlichen Bedarf einkaufe?</description>
    </item>
    
  </channel>
</rss>
