<?xml version="1.0" encoding="utf-8" standalone="yes"?>
<rss version="2.0" xmlns:atom="http://www.w3.org/2005/Atom">
  <channel>
    <title>DNM Bible</title>
    <link>http://biblemeowimkh3utujmhm6oh2oeb3ubjw2lpgeq3lahrfr2l6ev6zgyd.onion/appendix/</link>
    <description>Recent content on DNM Bible</description>
    <generator>Hugo -- gohugo.io</generator>
    <language>en-us</language><atom:link href="http://biblemeowimkh3utujmhm6oh2oeb3ubjw2lpgeq3lahrfr2l6ev6zgyd.onion/appendix/index.xml" rel="self" type="application/rss+xml" />
    <item>
      <title>Resources</title>
      <link>http://biblemeowimkh3utujmhm6oh2oeb3ubjw2lpgeq3lahrfr2l6ev6zgyd.onion/appendix/resources/</link>
      <pubDate>Mon, 01 Jan 0001 00:00:00 +0000</pubDate>
      
      <guid>http://biblemeowimkh3utujmhm6oh2oeb3ubjw2lpgeq3lahrfr2l6ev6zgyd.onion/appendix/resources/</guid>
      <description>Resources #  The services listed here are for you to use at your own risk. Most are widely used and trusted, but you should never blindly trust any service.
   Service name Description of service     Erowid Erowind is a service focused on education, and harm reduction. Click here for other harm reduction resources.   Dread Dread is a darknet Reddit style forum.   Recon Recon is a darknet market, and vendor search engine.</description>
    </item>
    
    <item>
      <title></title>
      <link>http://biblemeowimkh3utujmhm6oh2oeb3ubjw2lpgeq3lahrfr2l6ev6zgyd.onion/appendix/glossary/</link>
      <pubDate>Mon, 01 Jan 0001 00:00:00 +0000</pubDate>
      
      <guid>http://biblemeowimkh3utujmhm6oh2oeb3ubjw2lpgeq3lahrfr2l6ev6zgyd.onion/appendix/glossary/</guid>
      <description>Glossary #  A #  Alprazolam (Alp) - A benzodiazepine sold under the brand name Xanax.
Alt - Alternate account, the term for when a user has two or more active accounts on a site.
Altcoin - Any cryptocurrency alternative to Bitcoin.
Amnesiac - &amp;ldquo;Forgetful&amp;rdquo; software that doesn&amp;rsquo;t save data, such as Tails OS.
Amphetamines - A type of stimulant drug.
B #  Bars - A form of drug shape, usually long and thin.</description>
    </item>
    
    <item>
      <title>FAQ</title>
      <link>http://biblemeowimkh3utujmhm6oh2oeb3ubjw2lpgeq3lahrfr2l6ev6zgyd.onion/appendix/faq/</link>
      <pubDate>Mon, 01 Jan 0001 00:00:00 +0000</pubDate>
      
      <guid>http://biblemeowimkh3utujmhm6oh2oeb3ubjw2lpgeq3lahrfr2l6ev6zgyd.onion/appendix/faq/</guid>
      <description>Frequently Asked Questions #  Why am I getting Javascript warnings? #  Read about why here.
Can&amp;rsquo;t I just use a burner phone instead of a secure OS? #  No. Cell phones are not secure at all. They have a lot of exploits in them. Go on craigslist/ebay whatever buy a laptop that is a few years old. It does not need to be anything special or expensive.</description>
    </item>
    
  </channel>
</rss>
