<?xml version="1.0" encoding="utf-8" standalone="yes"?>
<rss version="2.0" xmlns:atom="http://www.w3.org/2005/Atom">
  <channel>
    <title>Miscellaneous information on DNM Bible</title>
    <link>http://biblemeowimkh3utujmhm6oh2oeb3ubjw2lpgeq3lahrfr2l6ev6zgyd.onion/bible/miscellaneous-information/</link>
    <description>Recent content in Miscellaneous information on DNM Bible</description>
    <generator>Hugo -- gohugo.io</generator>
    <language>en-us</language><atom:link href="http://biblemeowimkh3utujmhm6oh2oeb3ubjw2lpgeq3lahrfr2l6ev6zgyd.onion/bible/miscellaneous-information/index.xml" rel="self" type="application/rss+xml" />
    <item>
      <title>Javascript</title>
      <link>http://biblemeowimkh3utujmhm6oh2oeb3ubjw2lpgeq3lahrfr2l6ev6zgyd.onion/bible/miscellaneous-information/javascript/</link>
      <pubDate>Mon, 01 Jan 0001 00:00:00 +0000</pubDate>
      
      <guid>http://biblemeowimkh3utujmhm6oh2oeb3ubjw2lpgeq3lahrfr2l6ev6zgyd.onion/bible/miscellaneous-information/javascript/</guid>
      <description>Javascript warnings #  If you have javascript on you have probably gotten a warning on a few different sites by now. Javascript is not naturally dangerous, but it can be used in different situations to deanonymize who you are.
Again this is why we say keep your darknet activities, and clearnet completely separate. Certain websites can use javascript to see what your real IP address is behind tor.
Disabling javascript #  Note: You will need to do this everytime you restart tails!</description>
    </item>
    
  </channel>
</rss>
