<?xml version="1.0" encoding="utf-8" standalone="yes"?>
<rss version="2.0" xmlns:atom="http://www.w3.org/2005/Atom">
  <channel>
    <title>About on DNM Bible</title>
    <link>http://biblemeowimkh3utujmhm6oh2oeb3ubjw2lpgeq3lahrfr2l6ev6zgyd.onion/bible/about/</link>
    <description>Recent content in About on DNM Bible</description>
    <generator>Hugo -- gohugo.io</generator>
    <language>en-us</language><atom:link href="http://biblemeowimkh3utujmhm6oh2oeb3ubjw2lpgeq3lahrfr2l6ev6zgyd.onion/bible/about/index.xml" rel="self" type="application/rss+xml" />
    <item>
      <title>Before you start</title>
      <link>http://biblemeowimkh3utujmhm6oh2oeb3ubjw2lpgeq3lahrfr2l6ev6zgyd.onion/bible/about/before-you-start/</link>
      <pubDate>Mon, 01 Jan 0001 00:00:00 +0000</pubDate>
      
      <guid>http://biblemeowimkh3utujmhm6oh2oeb3ubjw2lpgeq3lahrfr2l6ev6zgyd.onion/bible/about/before-you-start/</guid>
      <description>Before you start #  So you are about to read how to commit felonies and reduce the risk of getting caught. It is strongly recommended that anything that could be considered Darknet related you don&amp;rsquo;t do on your normal operating system, or default browser. Keep your darknet activity as far away from your real identity as possible. For example your browser could store the visited sites in his history and somebody else sees it when using your computer.</description>
    </item>
    
  </channel>
</rss>
