<?xml version="1.0" encoding="utf-8" standalone="yes"?>
<rss version="2.0" xmlns:atom="http://www.w3.org/2005/Atom">
  <channel>
    <title>Removing Exif Data on DNM Bible</title>
    <link>http://biblemeowimkh3utujmhm6oh2oeb3ubjw2lpgeq3lahrfr2l6ev6zgyd.onion/bible/miscellaneous-information/removing-exif-data/</link>
    <description>Recent content in Removing Exif Data on DNM Bible</description>
    <generator>Hugo -- gohugo.io</generator>
    <language>en-us</language><atom:link href="http://biblemeowimkh3utujmhm6oh2oeb3ubjw2lpgeq3lahrfr2l6ev6zgyd.onion/bible/miscellaneous-information/removing-exif-data/index.xml" rel="self" type="application/rss+xml" />
    <item>
      <title>Uploading images securely</title>
      <link>http://biblemeowimkh3utujmhm6oh2oeb3ubjw2lpgeq3lahrfr2l6ev6zgyd.onion/bible/miscellaneous-information/removing-exif-data/uploading_images_securely/</link>
      <pubDate>Mon, 01 Jan 0001 00:00:00 +0000</pubDate>
      
      <guid>http://biblemeowimkh3utujmhm6oh2oeb3ubjw2lpgeq3lahrfr2l6ev6zgyd.onion/bible/miscellaneous-information/removing-exif-data/uploading_images_securely/</guid>
      <description>Uploading images securely #  Images can tell the world a lot of information and can even reveal your true identity although you have followed all other steps in the DNM bible. So it is important to read and follow this chapter too because it can literally mean the difference between freedom and jail.
Just do give you an example of what basic forensic video/photo software is capable of doing. Now imagine what forensic software on steroids law enforcement can buy with all their money.</description>
    </item>
    
  </channel>
</rss>
